Workbook

Sheet Inicial
A1: Matriz de riesgos INICIAL — Laboratorio de phishing y monitoreo (BORRADOR)
A2: Valores de P e I = estimación inicial del equipo; justificarlos y ajustarlos con la evidencia. Nivel = Probabilidad × Impacto (escala 1–5). Umbrales en la hoja «Escala».
A4: ID | B4: Activo afectado (concreto) | C4: Amenaza | D4: Vulnerabilidad | E4: Escenario de riesgo | F4: Impacto (1–5) | G4: Probabilidad (1–5) | H4: Nivel de riesgo inherente (P×I) | I4: Clasificación | J4: Controles existentes | K4: Justificación de P e I
A5: R-01 | B5: Cuenta de usuario ficticia «usuario.demo» en la aplicación de autenticación (formulario /login) | C5: Atacante que prueba contraseñas de forma repetida (fuerza bruta / adivinación). | D5: La aplicación acepta intentos ilimitados de inicio de sesión y no distingue intentos consecutivos fallidos. | E5: Un atacante automatiza intentos contra /login hasta adivinar la contraseña y accede a la cuenta; consecuencia: acceso no autorizado a los servicios del portal. | F5: 3 | G5: 4 | H5: =F5*G5 -> 12 | I5: =LOOKUP(H5,Escala!$A$12:$A$15,Escala!$B$12:$B$15) -> Alto | J5: Contraseña almacenada con hash (PBKDF2) y mensaje de error genérico. Sin bloqueo ni registro de auditoría. | K5: P=4: no hay límite de intentos y la herramienta de ataque es trivial. I=3: la cuenta es ficticia pero representa una cuenta de funcionario con acceso a servicios.
A6: R-02 | B6: Cuenta de usuario ficticia (credenciales del funcionario) expuesta a un mensaje con QR / enlace corto | C6: Phishing: mensaje simulado con QR o enlace acortado que lleva a un formulario falso. | D6: El usuario no puede ver el destino real de un QR o enlace corto; no hay segunda verificación (MFA); poca concienciación. | E6: El usuario escanea el QR, ingresa sus credenciales en el formulario y el atacante las reutiliza; consecuencia: suplantación de identidad y acceso a datos. | F6: 4 | G6: 4 | H6: =F6*G6 -> 16 | I6: =LOOKUP(H6,Escala!$A$12:$A$15,Escala!$B$12:$B$15) -> Alto | J6: Ninguno (sin MFA ni filtrado de enlaces/QR en el laboratorio). | K6: P=4: el phishing por QR/enlace es frecuente y efectivo (ver casos). I=4: credenciales válidas permiten suplantar al usuario.
A7: R-03 | B7: Registros de acceso: auth.log de la aplicación y access.log de Apache/NGINX | C7: Incidente sin detección ni reconstrucción posible (falta de trazabilidad). | D7: No existe registro de eventos de autenticación en la aplicación; los logs del servidor no muestran usuario ni estado de bloqueo. | E7: Se producen intentos fallidos repetidos y nadie puede reconstruir la secuencia ni saber cuándo ni desde dónde; consecuencia: respuesta tardía y falta de evidencia. | F7: 3 | G7: 4 | H7: =F7*G7 -> 12 | I7: =LOOKUP(H7,Escala!$A$12:$A$15,Escala!$B$12:$B$15) -> Alto | J7: access.log del servidor web (IP, hora, método, código HTTP). Sin registro a nivel de aplicación. | K7: P=4: sin auditoría el evento ocurre sin ser detectado. I=3: afecta la capacidad de respuesta y de rendir cuentas.
A8: R-04 | B8: Servidor web Apache HTTP Server (proxy inverso de la aplicación) | C8: Reconocimiento y explotación de fallas conocidas del software expuesto. | D8: Encabezados y mensajes revelan la tecnología interna (p. ej. «Server: gunicorn»); configuración por defecto. | E8: Un atacante identifica versión/tecnología y prueba exploits conocidos; consecuencia: compromiso del servidor o indisponibilidad del portal. | F8: 3 | G8: 3 | H8: =F8*G8 -> 9 | I8: =LOOKUP(H8,Escala!$A$12:$A$15,Escala!$B$12:$B$15) -> Moderado | J8: Ninguno (configuración por defecto). | K8: P=3: la exposición es posible pero requiere una falla explotable. I=3: afecta la disponibilidad del portal de pruebas.
A9: R-05 | B9: Servidor web NGINX (proxy inverso de la aplicación) | C9: Reconocimiento y explotación de fallas conocidas del software expuesto. | D9: Encabezados y mensajes revelan la tecnología interna; configuración por defecto. | E9: Igual que R-04 sobre NGINX; se mantiene como riesgo separado para comparar ambos servidores. | F9: 3 | G9: 3 | H9: =F9*G9 -> 9 | I9: =LOOKUP(H9,Escala!$A$12:$A$15,Escala!$B$12:$B$15) -> Moderado | J9: Ninguno (configuración por defecto). | K9: Misma justificación que R-04, aplicada a NGINX.
A10: R-06 | B10: Tráfico HTTP de autenticación (credenciales en tránsito entre cliente y servidor) | C10: Interceptación del tráfico en la red (sniffing / intermediario). | D10: El laboratorio usa HTTP sin cifrado (TLS); las credenciales viajan en claro dentro de la red del laboratorio. | E10: Un equipo en la misma red captura el POST /login y obtiene usuario y contraseña; consecuencia: robo de credenciales. | F10: 4 | G10: 3 | H10: =F10*G10 -> 12 | I10: =LOOKUP(H10,Escala!$A$12:$A$15,Escala!$B$12:$B$15) -> Alto | J10: Red aislada del laboratorio (control de entorno, no de la aplicación). | K10: P=3: requiere estar en la misma red. I=4: expone directamente las credenciales.

Sheet Residual
A1: Matriz de riesgos RESIDUAL — Laboratorio de phishing y monitoreo (BORRADOR)
A2: Misma escala y metodología que la matriz inicial. P e I se vuelven a estimar considerando la eficacia esperada de los controles; reemplazar «PENDIENTE» con la evidencia real del laboratorio. Un control no hace desaparecer el riesgo automáticamente.
A4: ID | B4: Activo afectado | C4: Control implementado | D4: Relación con ISO/IEC 27005 | E4: Función / categoría NIST CSF 2.0 | F4: Evidencia de funcionamiento | G4: Probabilidad residual (1–5) | H4: Impacto residual (1–5) | I4: Nivel residual (P×I) | J4: Clasificación residual | K4: Nivel inicial | L4: Variación (residual − inicial) | M4: Riesgo que permanece y acciones adicionales
A5: R-01 | B5: =Inicial!B5 -> Cuenta de usuario ficticia «usuario.demo» en la aplicación de autenticación (formulario /login) | C5: Bloqueo temporal de la cuenta tras 3 intentos fallidos consecutivos (120 s) + mensaje informativo + registro de activación y fin del bloqueo. | D5: Tratamiento del riesgo (modificar): selección de control que reduce la probabilidad; aceptación del riesgo residual por el responsable. | E5: Proteger (PR): PR.AA Gestión de identidades, autenticación y control de acceso. Detectar (DE): DE.CM Monitoreo continuo. | F5: OBSERVADO (22/10/2026): escenario S1–S3 en Apache y NGINX: sin controles 4.º fallo=401 y clave correcta durante la prueba=302; con controles 4.º fallo=429 y clave correcta durante el bloqueo=429, 302 al terminar. auth.log: LOCKOUT_START y LOCKOUT_END separados por 120 s. Ver evidence/resultados/, evidence/analisis/comparacion.md y capturas. | G5: 2 | H5: 3 | I5: =G5*H5 -> 6 | J5: =LOOKUP(I5,Escala!$A$12:$A$15,Escala!$B$12:$B$15) -> Moderado | K5: =Inicial!H5 -> 12 | L5: =I5-K5 -> -6 | M5: Un ataque lento o distribuido (varias IP) puede quedar bajo el umbral; el bloqueo puede usarse para negar el servicio a la cuenta legítima. Acciones: límite por IP, MFA, alertas.
A6: R-02 | B6: =Inicial!B6 -> Cuenta de usuario ficticia (credenciales del funcionario) expuesta a un mensaje con QR / enlace corto | C6: Control parcial en el laboratorio: registro del evento LINK_VISIT (campaña) y bloqueo de la cuenta; recomendado: MFA y capacitación con simulacros. | D6: Tratamiento del riesgo (modificar / compartir con el usuario): controles técnicos y de concienciación. | E6: Proteger (PR): PR.AT Concienciación y capacitación; PR.AA Autenticación. Detectar (DE): DE.AE Análisis de eventos adversos. | F6: OBSERVADO: /r/qr1 redirige a /login?ref=afiche-qr y queda registrado LINK_VISIT con la campaña afiche-qr en auth.log (capturas del mensaje, QR, login y auth.log). NO observado: el efecto de MFA o capacitación (no implementados). | G6: 3 | H6: 4 | I6: =G6*H6 -> 12 | J6: =LOOKUP(I6,Escala!$A$12:$A$15,Escala!$B$12:$B$15) -> Alto | K6: =Inicial!H6 -> 16 | L6: =I6-K6 -> -4 | M6: Las credenciales capturadas siguen siendo válidas hasta el cambio; el bloqueo no impide el uso inmediato de una contraseña correcta. Acciones: MFA, capacitación periódica, filtrado de QR/enlaces.
A7: R-03 | B7: =Inicial!B7 -> Registros de acceso: auth.log de la aplicación y access.log de Apache/NGINX | C7: Registro de auditoría de autenticación (JSON Lines) con fecha/hora, usuario ficticio, resultado, IP y estado de bloqueo, sin contraseñas ni tokens. | D7: Monitoreo y revisión del riesgo; tratamiento (modificar): control de detección y trazabilidad. | E7: Detectar (DE): DE.CM Monitoreo continuo; DE.AE Análisis de eventos adversos. | F7: OBSERVADO: evidence/analisis/*_hardened.md reconstruye la secuencia y la correlación auditoría = access.log = ZAP = 7 intentos. Limitación observada: los intentos con usuario desconocido no cuentan para el bloqueo y el campo usuario se registra tal cual. | G7: 2 | H7: 3 | I7: =G7*H7 -> 6 | J7: =LOOKUP(I7,Escala!$A$12:$A$15,Escala!$B$12:$B$15) -> Moderado | K7: =Inicial!H7 -> 12 | L7: =I7-K7 -> -6 | M7: Los registros están en el mismo host y sin protección de integridad. Acciones: envío a un servidor central/SIEM, retención y control de acceso a los logs.
A8: R-04 | B8: =Inicial!B8 -> Servidor web Apache HTTP Server (proxy inverso de la aplicación) | C8: Endurecimiento de la configuración: ocultar la tecnología interna (encabezado Server), ServerTokens Prod, nosniff, TRACE deshabilitado. | D8: Tratamiento del riesgo (modificar): reducción de la superficie de exposición. | E8: Proteger (PR): PR.PS Seguridad de la plataforma. | F8: OBSERVADO: curl -I a Apache muestra Server: Apache (sin gunicorn) y X-Content-Type-Options una sola vez. No se midió el estado «antes» con capturas. | G8: 2 | H8: 3 | I8: =G8*H8 -> 6 | J8: =LOOKUP(I8,Escala!$A$12:$A$15,Escala!$B$12:$B$15) -> Moderado | K8: =Inicial!H8 -> 9 | L8: =I8-K8 -> -3 | M8: Siguen existiendo fallas desconocidas o de versión. Acciones: parches periódicos, TLS, escaneo de vulnerabilidades.
A9: R-05 | B9: =Inicial!B9 -> Servidor web NGINX (proxy inverso de la aplicación) | C9: Endurecimiento equivalente en NGINX: server_tokens off, proxy_hide_header Server, nosniff. | D9: Tratamiento del riesgo (modificar): reducción de la superficie de exposición. | E9: Proteger (PR): PR.PS Seguridad de la plataforma. | F9: OBSERVADO: curl -I a NGINX muestra Server: nginx (sin gunicorn) y X-Content-Type-Options una sola vez. | G9: 2 | H9: 3 | I9: =G9*H9 -> 6 | J9: =LOOKUP(I9,Escala!$A$12:$A$15,Escala!$B$12:$B$15) -> Moderado | K9: =Inicial!H9 -> 9 | L9: =I9-K9 -> -3 | M9: Igual que R-04. Acciones: parches periódicos, TLS, escaneo de vulnerabilidades.
A10: R-06 | B10: =Inicial!B10 -> Tráfico HTTP de autenticación (credenciales en tránsito entre cliente y servidor) | C10: Ninguno implementado en el laboratorio (limitación). Recomendado: HTTPS con TLS y HSTS. | D10: Tratamiento del riesgo: se documenta como limitación; el riesgo se acepta temporalmente solo por tratarse de un laboratorio aislado. | E10: Proteger (PR): PR.DS Seguridad de los datos (en tránsito). | F10: OBSERVADO: ZAP captura los POST http://…/login (HTTP sin cifrado); el CSV del repositorio enmascara los campos. Ningún control de cifrado implementado. | G10: 3 | H10: 4 | I10: =G10*H10 -> 12 | J10: =LOOKUP(I10,Escala!$A$12:$A$15,Escala!$B$12:$B$15) -> Alto | K10: =Inicial!H10 -> 12 | L10: =I10-K10 -> 0 | M10: El riesgo permanece igual: un control no implementado no reduce el riesgo. Acción: habilitar TLS en Apache y NGINX.

Sheet Escala
A1: Escala de valoración (definida en la práctica)
A4: Valor | B4: Probabilidad | C4: Impacto
A5: 1 | B5: Rara | C5: Insignificante
A6: 2 | B6: Improbable | C6: Menor
A7: 3 | B7: Posible | C7: Moderado
A8: 4 | B8: Probable | C8: Mayor
A9: 5 | B9: Casi segura | C9: Crítico
A10: Nivel de riesgo R = P × I
A11: Desde (R ≥) | B11: Nivel | C11: Rango
A12: 1 | B12: Bajo | C12: 1–4
A13: 5 | B13: Moderado | C13: 5–9
A14: 10 | B14: Alto | C14: 10–16
A15: 17 | B15: Crítico | C15: 17–25
A18: Estos umbrales son una convención definida para la práctica.
